sunrise,sunset
2025-01-01T09:24:42.437301+0000,2025-01-01T15:23:12.789489+0000
2025-01-02T09:24:08.660497+0000,2025-01-02T15:24:43.777933+0000
2025-01-03T09:23:29.662279+0000,2025-01-03T15:26:19.271779+0000
2025-01-04T09:22:45.536011+0000,2025-01-04T15:27:59.118589+0000
2025-01-05T09:21:56.381080+0000,2025-01-05T15:29:43.161252+0000
2025-01-06T09:21:02.302122+0000,2025-01-06T15:31:31.238851+0000
2025-01-07T09:20:03.408267+0000,2025-01-07T15:33:23.187503+0000
2025-01-08T09:18:59.812399+0000,2025-01-08T15:35:18.841181+0000
2025-01-09T09:17:51.630444+0000,2025-01-09T15:37:18.032496+0000
2025-01-10T09:16:38.980697+0000,2025-01-10T15:39:20.593452+0000
2025-01-11T09:15:21.983183+0000,2025-01-11T15:41:26.356148+0000
2025-01-12T09:14:00.759062+0000,2025-01-12T15:43:35.153438+0000
2025-01-13T09:12:35.430076+0000,2025-01-13T15:45:46.819542+0000
2025-01-14T09:11:06.118048+0000,2025-01-14T15:48:01.190606+0000
2025-01-15T09:09:32.944421+0000,2025-01-15T15:50:18.105209+0000
2025-01-16T09:07:56.029845+0000,2025-01-16T15:52:37.404818+0000
2025-01-17T09:06:15.493811+0000,2025-01-17T15:54:58.934200+0000
2025-01-18T09:04:31.454332+0000,2025-01-18T15:57:22.541776+0000
2025-01-19T09:02:44.027655+0000,2025-01-19T15:59:48.079933+0000
2025-01-20T09:00:53.328027+0000,2025-01-20T16:02:15.405287+0000
2025-01-21T08:58:59.467487+0000,2025-01-21T16:04:44.378912+0000
2025-01-22T08:57:02.555699+0000,2025-01-22T16:07:14.866519+0000
2025-01-23T08:55:02.699819+0000,2025-01-23T16:09:46.738604+0000
2025-01-24T08:53:00.004380+0000,2025-01-24T16:12:19.870563+0000
2025-01-25T08:50:54.571222+0000,2025-01-25T16:14:54.142767+0000
2025-01-26T08:48:46.499426+0000,2025-01-26T16:17:29.440621+0000
2025-01-27T08:46:35.885285+0000,2025-01-27T16:20:05.654589+0000
2025-01-28T08:44:22.822287+0000,2025-01-28T16:22:42.680191+0000
2025-01-29T08:42:07.401115+0000,2025-01-29T16:25:20.417996+0000
2025-01-30T08:39:49.709662+0000,2025-01-30T16:27:58.773575+0000
2025-01-31T08:37:29.833060+0000,2025-01-31T16:30:37.657453+0000
2025-02-01T08:35:07.853719+0000,2025-02-01T16:33:16.985044+0000
2025-02-02T08:32:43.851372+0000,2025-02-02T16:35:56.676563+0000
2025-02-03T08:30:17.903134+0000,2025-02-03T16:38:36.656942+0000
2025-02-04T08:27:50.083560+0000,2025-02-04T16:41:16.855728+0000
2025-02-05T08:25:20.464712+0000,2025-02-05T16:43:57.206971+0000
2025-02-06T08:22:49.116229+0000,2025-02-06T16:46:37.649115+0000
2025-02-07T08:20:16.105399+0000,2025-02-07T16:49:18.124872+0000
2025-02-08T08:17:41.497235+0000,2025-02-08T16:51:58.581099+0000
2025-02-09T08:15:05.354549+0000,2025-02-09T16:54:38.968674+0000
2025-02-10T08:12:27.738028+0000,2025-02-10T16:57:19.242359+0000
2025-02-11T08:09:48.706314+0000,2025-02-11T16:59:59.360671+0000
2025-02-12T08:07:08.316073+0000,2025-02-12T17:02:39.285747+0000
2025-02-13T08:04:26.622078+0000,2025-02-13T17:05:18.983213+0000
2025-02-14T08:01:43.677277+0000,2025-02-14T17:07:58.422043+0000
2025-02-15T07:58:59.532866+0000,2025-02-15T17:10:37.574436+0000
2025-02-16T07:56:14.238364+0000,2025-02-16T17:13:16.415672+0000
2025-02-17T07:53:27.841676+0000,2025-02-17T17:15:54.923989+0000
2025-02-18T07:50:40.389165+0000,2025-02-18T17:18:33.080450+0000
2025-02-19T07:47:51.925715+0000,2025-02-19T17:21:10.868813+0000
2025-02-20T07:45:02.494794+0000,2025-02-20T17:23:48.275410+0000
2025-02-21T07:42:12.138515+0000,2025-02-21T17:26:25.289019+0000
2025-02-22T07:39:20.897697+0000,2025-02-22T17:29:01.900745+0000
2025-02-23T07:36:28.811918+0000,2025-02-23T17:31:38.103903+0000
2025-02-24T07:33:35.919575+0000,2025-02-24T17:34:13.893898+0000
2025-02-25T07:30:42.257935+0000,2025-02-25T17:36:49.268114+0000
2025-02-26T07:27:47.863185+0000,2025-02-26T17:39:24.225804+0000
2025-02-27T07:24:52.770483+0000,2025-02-27T17:41:58.767984+0000
2025-02-28T07:21:57.014007+0000,2025-02-28T17:44:32.897324+0000
2025-03-01T07:19:00.627001+0000,2025-03-01T17:47:06.618050+0000
2025-03-02T07:16:03.641818+0000,2025-03-02T17:49:39.935845+0000
2025-03-03T07:13:06.089967+0000,2025-03-03T17:52:12.857751+0000
2025-03-04T07:10:08.002153+0000,2025-03-04T17:54:45.392078+0000
2025-03-05T07:07:09.408317+0000,2025-03-05T17:57:17.548312+0000
2025-03-06T07:04:10.337681+0000,2025-03-06T17:59:49.337028+0000
2025-03-07T07:01:10.818782+0000,2025-03-07T18:02:20.769807+0000
2025-03-08T06:58:10.879515+0000,2025-03-08T18:04:51.859150+0000
2025-03-09T06:55:10.547166+0000,2025-03-09T18:07:22.618401+0000
2025-03-10T06:52:09.848451+0000,2025-03-10T18:09:53.061666+0000
2025-03-11T06:49:08.809553+0000,2025-03-11T18:12:23.203744+0000
2025-03-12T06:46:07.456158+0000,2025-03-12T18:14:53.060049+0000
2025-03-13T06:43:05.813486+0000,2025-03-13T18:17:22.646539+0000
2025-03-14T06:40:03.906333+0000,2025-03-14T18:19:51.979649+0000
2025-03-15T06:37:01.759099+0000,2025-03-15T18:22:21.076227+0000
2025-03-16T06:33:59.395824+0000,2025-03-16T18:24:49.953460+0000
2025-03-17T06:30:56.840228+0000,2025-03-17T18:27:18.628818+0000
2025-03-18T06:27:54.115734+0000,2025-03-18T18:29:47.119991+0000
2025-03-19T06:24:51.245512+0000,2025-03-19T18:32:15.444823+0000
2025-03-20T06:21:48.252508+0000,2025-03-20T18:34:43.621257+0000
2025-03-21T06:18:45.159478+0000,2025-03-21T18:37:11.667275+0000
2025-03-22T06:15:41.989025+0000,2025-03-22T18:39:39.600840+0000
2025-03-23T06:12:38.763629+0000,2025-03-23T18:42:07.439836+0000
2025-03-24T06:09:35.505684+0000,2025-03-24T18:44:35.202018+0000
2025-03-25T06:06:32.237533+0000,2025-03-25T18:47:02.904950+0000
2025-03-26T06:03:28.981500+0000,2025-03-26T18:49:30.565950+0000
2025-03-27T06:00:25.759926+0000,2025-03-27T18:51:58.202038+0000
2025-03-28T05:57:22.595207+0000,2025-03-28T18:54:25.829875+0000
2025-03-29T05:54:19.509826+0000,2025-03-29T18:56:53.465713+0000
2025-03-30T06:51:16.526390+0000,2025-03-30T19:59:21.125334+0000
2025-03-31T06:48:13.667669+0000,2025-03-31T20:01:48.823993+0000
2025-04-01T06:45:10.956629+0000,2025-04-01T20:04:16.576365+0000
2025-04-02T06:42:08.416472+0000,2025-04-02T20:06:44.396484+0000
2025-04-03T06:39:06.070673+0000,2025-04-03T20:09:12.297684+0000
2025-04-04T06:36:03.943019+0000,2025-04-04T20:11:40.292540+0000
2025-04-05T06:33:02.057647+0000,2025-04-05T20:14:08.392805+0000
2025-04-06T06:30:00.439088+0000,2025-04-06T20:16:36.609352+0000
2025-04-07T06:26:59.112301+0000,2025-04-07T20:19:04.952102+0000
2025-04-08T06:23:58.102720+0000,2025-04-08T20:21:33.429967+0000
2025-04-09T06:20:57.436295+0000,2025-04-09T20:24:02.050776+0000
2025-04-10T06:17:57.139533+0000,2025-04-10T20:26:30.821212+0000
2025-04-11T06:14:57.239545+0000,2025-04-11T20:28:59.746735+0000
2025-04-12T06:11:57.764091+0000,2025-04-12T20:31:28.831513+0000
2025-04-13T06:08:58.741626+0000,2025-04-13T20:33:58.078346+0000
2025-04-14T06:06:00.201345+0000,2025-04-14T20:36:27.488588+0000
2025-04-15T06:03:02.173238+0000,2025-04-15T20:38:57.062067+0000
2025-04-16T06:00:04.688136+0000,2025-04-16T20:41:26.797004+0000
2025-04-17T05:57:07.777762+0000,2025-04-17T20:43:56.689930+0000
2025-04-18T05:54:11.474790+0000,2025-04-18T20:46:26.735596+0000
2025-04-19T05:51:15.812893+0000,2025-04-19T20:48:56.926884+0000
2025-04-20T05:48:20.826805+0000,2025-04-20T20:51:27.254718+0000
2025-04-21T05:45:26.552377+0000,2025-04-21T20:53:57.707965+0000
2025-04-22T05:42:33.026640+0000,2025-04-22T20:56:28.273344+0000
2025-04-23T05:39:40.287861+0000,2025-04-23T20:58:58.935319+0000
2025-04-24T05:36:48.375616+0000,2025-04-24T21:01:29.676002+0000
2025-04-25T05:33:57.330850+0000,2025-04-25T21:04:00.475049+0000
2025-04-26T05:31:07.195946+0000,2025-04-26T21:06:31.309549+0000
2025-04-27T05:28:18.014800+0000,2025-04-27T21:09:02.153917+0000
2025-04-28T05:25:29.832887+0000,2025-04-28T21:11:32.979784+0000
2025-04-29T05:22:42.697339+0000,2025-04-29T21:14:03.755882+0000
2025-04-30T05:19:56.657023+0000,2025-04-30T21:16:34.447932+0000
2025-05-01T05:17:11.762616+0000,2025-05-01T21:19:05.018523+0000
2025-05-02T05:14:28.066686+0000,2025-05-02T21:21:35.426998+0000
2025-05-03T05:11:45.623776+0000,2025-05-03T21:24:05.629338+0000
2025-05-04T05:09:04.490484+0000,2025-05-04T21:26:35.578040+0000
2025-05-05T05:06:24.725548+0000,2025-05-05T21:29:05.221999+0000
2025-05-06T05:03:46.389932+0000,2025-05-06T21:31:34.506393+0000
2025-05-07T05:01:09.546912+0000,2025-05-07T21:34:03.372567+0000
2025-05-08T04:58:34.262156+0000,2025-05-08T21:36:31.757918+0000
2025-05-09T04:56:00.603813+0000,2025-05-09T21:38:59.595784+0000
2025-05-10T04:53:28.642596+0000,2025-05-10T21:41:26.815341+0000
2025-05-11T04:50:58.451856+0000,2025-05-11T21:43:53.341499+0000
2025-05-12T04:48:30.107665+0000,2025-05-12T21:46:19.094809+0000
2025-05-13T04:46:03.688886+0000,2025-05-13T21:48:43.991374+0000
2025-05-14T04:43:39.277241+0000,2025-05-14T21:51:07.942774+0000
2025-05-15T04:41:16.957365+0000,2025-05-15T21:53:30.856000+0000
2025-05-16T04:38:56.816866+0000,2025-05-16T21:55:52.633398+0000
2025-05-17T04:36:38.946357+0000,2025-05-17T21:58:13.172635+0000
2025-05-18T04:34:23.439487+0000,2025-05-18T22:00:32.366676+0000
2025-05-19T04:32:10.392957+0000,2025-05-19T22:02:50.103783+0000
2025-05-20T04:29:59.906511+0000,2025-05-20T22:05:06.267541+0000
2025-05-21T04:27:52.082915+0000,2025-05-21T22:07:20.736900+0000
2025-05-22T04:25:47.027913+0000,2025-05-22T22:09:33.386255+0000
2025-05-23T04:23:44.850155+0000,2025-05-23T22:11:44.085551+0000
2025-05-24T04:21:45.661095+0000,2025-05-24T22:13:52.700425+0000
2025-05-25T04:19:49.574868+0000,2025-05-25T22:15:59.092387+0000
2025-05-26T04:19:49.574868+0000,2025-05-25T22:15:59.092387+0000
2025-05-27T04:16:07.179803+0000,2025-05-27T22:20:04.634352+0000
2025-05-28T04:14:21.110942+0000,2025-05-28T22:22:03.488951+0000
2025-05-29T04:12:38.624337+0000,2025-05-29T22:23:59.530506+0000
2025-05-30T04:10:59.844236+0000,2025-05-30T22:25:52.604135+0000
2025-05-31T04:09:24.895951+0000,2025-05-31T22:27:42.552873+0000
2025-06-01T04:07:53.905424+0000,2025-06-01T22:29:29.218199+0000
2025-06-01T04:07:53.905424+0000,2025-06-01T22:29:29.218199+0000
2025-06-03T04:05:04.301603+0000,2025-06-03T22:32:52.060284+0000
2025-06-04T04:03:45.938721+0000,2025-06-04T22:34:27.917717+0000
2025-06-05T04:02:32.033189+0000,2025-06-05T22:35:59.854513+0000
2025-06-06T04:01:22.705793+0000,2025-06-06T22:37:27.714150+0000
2025-06-07T04:00:18.074281+0000,2025-06-07T22:38:51.342811+0000
2025-06-08T03:59:18.252589+0000,2025-06-08T22:40:10.590243+0000
2025-06-09T03:58:23.350048+0000,2025-06-09T22:41:25.310651+0000
2025-06-10T03:57:33.470556+0000,2025-06-10T22:42:35.363593+0000
2025-06-11T03:56:48.711746+0000,2025-06-11T22:43:40.614895+0000
2025-06-12T03:56:09.164146+0000,2025-06-12T22:44:40.937544+0000
2025-06-13T03:55:34.910356+0000,2025-06-13T22:45:36.212566+0000
2025-06-14T03:55:06.024242+0000,2025-06-14T22:46:26.329865+0000
2025-06-15T03:54:42.570176+0000,2025-06-15T22:47:11.189018+0000
2025-06-16T03:54:24.602318+0000,2025-06-16T22:47:50.699994+0000
2025-06-17T03:54:12.163976+0000,2025-06-17T22:48:24.783807+0000
2025-06-18T03:54:05.287034+0000,2025-06-18T22:48:53.373072+0000
2025-06-19T03:54:03.991478+0000,2025-06-19T22:49:16.412459+0000
2025-06-20T03:54:08.285021+0000,2025-06-20T22:49:33.859043+0000
2025-06-21T03:54:18.162842+0000,2025-06-21T22:49:45.682527+0000
2025-06-22T03:54:33.607439+0000,2025-06-22T22:49:51.865354+0000
2025-06-23T03:54:54.588605+0000,2025-06-23T22:49:52.402690+0000
2025-06-24T03:55:21.063529+0000,2025-06-24T22:49:47.302283+0000
2025-06-25T03:55:52.977015+0000,2025-06-25T22:49:36.584210+0000
2025-06-26T03:56:30.261820+0000,2025-06-26T22:49:20.280509+0000
2025-06-27T03:57:12.839103+0000,2025-06-27T22:48:58.434707+0000
2025-06-28T03:58:00.618980+0000,2025-06-28T22:48:31.101255+0000
2025-06-29T03:58:53.501160+0000,2025-06-29T22:47:58.344887+0000
2025-06-30T03:59:51.375672+0000,2025-06-30T22:47:20.239909+0000
2025-07-01T04:00:54.123651+0000,2025-07-01T22:46:36.869429+0000
2025-07-02T04:02:01.618175+0000,2025-07-02T22:45:48.324561+0000
2025-07-03T04:03:13.725141+0000,2025-07-03T22:44:54.703591+0000
2025-07-04T04:04:30.304166+0000,2025-07-04T22:43:56.111139+0000
2025-07-05T04:05:51.209494+0000,2025-07-05T22:42:52.657318+0000
2025-07-06T04:07:16.290899+0000,2025-07-06T22:41:44.456906+0000
2025-07-07T04:08:45.394580+0000,2025-07-07T22:40:31.628542+0000
2025-07-08T04:10:18.364024+0000,2025-07-08T22:39:14.293948+0000
2025-07-09T04:11:55.040836+0000,2025-07-09T22:37:52.577195+0000
2025-07-10T04:13:35.265537+0000,2025-07-10T22:36:26.604007+0000
2025-07-11T04:15:18.878301+0000,2025-07-11T22:34:56.501117+0000
2025-07-12T04:17:05.719655+0000,2025-07-12T22:33:22.395668+0000
2025-07-13T04:18:55.631115+0000,2025-07-13T22:31:44.414672+0000
2025-07-14T04:20:48.455773+0000,2025-07-14T22:30:02.684521+0000
2025-07-15T04:22:44.038825+0000,2025-07-15T22:28:17.330546+0000
2025-07-16T04:24:42.228043+0000,2025-07-16T22:26:28.476630+0000
2025-07-17T04:26:42.874192+0000,2025-07-17T22:24:36.244870+0000
2025-07-18T04:28:45.831397+0000,2025-07-18T22:22:40.755291+0000
2025-07-19T04:30:50.957457+0000,2025-07-19T22:20:42.125591+0000
2025-07-20T04:32:58.114110+0000,2025-07-20T22:18:40.470944+0000
2025-07-21T04:35:07.167256+0000,2025-07-21T22:16:35.903826+0000
2025-07-22T04:37:17.987139+0000,2025-07-22T22:14:28.533889+0000
2025-07-23T04:39:30.448484+0000,2025-07-23T22:12:18.467856+0000
2025-07-24T04:41:44.430609+0000,2025-07-24T22:10:05.809448+0000
2025-07-25T04:43:59.817497+0000,2025-07-25T22:07:50.659342+0000
2025-07-26T04:46:16.497842+0000,2025-07-26T22:05:33.115145+0000
2025-07-27T04:48:34.365069+0000,2025-07-27T22:03:13.271387+0000
2025-07-28T04:50:53.317335+0000,2025-07-28T22:00:51.219535+0000
2025-07-29T04:53:13.257503+0000,2025-07-29T21:58:27.048024+0000
2025-07-30T04:55:34.093102+0000,2025-07-30T21:56:00.842290+0000
2025-07-31T04:57:55.736273+0000,2025-07-31T21:53:32.684828+0000
2025-08-01T05:00:18.103701+0000,2025-08-01T21:51:02.655246+0000
2025-08-02T05:02:41.116530+0000,2025-08-02T21:48:30.830334+0000
2025-08-03T05:05:04.700280+0000,2025-08-03T21:45:57.284136+0000
2025-08-04T05:07:28.784746+0000,2025-08-04T21:43:22.088026+0000
2025-08-05T05:09:53.303894+0000,2025-08-05T21:40:45.310789+0000
2025-08-06T05:12:18.195752+0000,2025-08-06T21:38:07.018703+0000
2025-08-07T05:14:43.402299+0000,2025-08-07T21:35:27.275622+0000
2025-08-08T05:17:08.869346+0000,2025-08-08T21:32:46.143061+0000
2025-08-09T05:19:34.546419+0000,2025-08-09T21:30:03.680283+0000
2025-08-10T05:22:00.386639+0000,2025-08-10T21:27:19.944381+0000
2025-08-11T05:24:26.346602+0000,2025-08-11T21:24:34.990364+0000
2025-08-12T05:26:52.386256+0000,2025-08-12T21:21:48.871235+0000
2025-08-13T05:29:18.468785+0000,2025-08-13T21:19:01.638080+0000
2025-08-14T05:31:44.560487+0000,2025-08-14T21:16:13.340139+0000
2025-08-15T05:34:10.630654+0000,2025-08-15T21:13:24.024892+0000
2025-08-16T05:36:36.651462+0000,2025-08-16T21:10:33.738128+0000
2025-08-17T05:39:02.597849+0000,2025-08-17T21:07:42.524024+0000
2025-08-18T05:41:28.447406+0000,2025-08-18T21:04:50.425212+0000
2025-08-19T05:43:54.180267+0000,2025-08-19T21:01:57.482854+0000
2025-08-20T05:46:19.779002+0000,2025-08-20T20:59:03.736706+0000
2025-08-21T05:48:45.228508+0000,2025-08-21T20:56:09.225185+0000
2025-08-22T05:51:10.515910+0000,2025-08-22T20:53:13.985433+0000
2025-08-23T05:53:35.630458+0000,2025-08-23T20:50:18.053377+0000
2025-08-24T05:56:00.563432+0000,2025-08-24T20:47:21.463789+0000
2025-08-25T05:58:25.308047+0000,2025-08-25T20:44:24.250348+0000
2025-08-26T06:00:49.859361+0000,2025-08-26T20:41:26.445688+0000
2025-08-27T06:03:14.214186+0000,2025-08-27T20:38:28.081461+0000
2025-08-28T06:05:38.371003+0000,2025-08-28T20:35:29.188385+0000
2025-08-29T06:08:02.329875+0000,2025-08-29T20:32:29.796297+0000
2025-08-30T06:10:26.092372+0000,2025-08-30T20:29:29.934201+0000
2025-08-31T06:12:49.661487+0000,2025-08-31T20:26:29.630320+0000
2025-09-01T06:15:13.041564+0000,2025-09-01T20:23:28.912140+0000
2025-09-02T06:17:36.238222+0000,2025-09-02T20:20:27.806460+0000
2025-09-03T06:19:59.258289+0000,2025-09-03T20:17:26.339433+0000
2025-09-04T06:22:22.109727+0000,2025-09-04T20:14:24.536612+0000
2025-09-05T06:24:44.801571+0000,2025-09-05T20:11:22.422996+0000
2025-09-06T06:27:07.343860+0000,2025-09-06T20:08:20.023066+0000
2025-09-07T06:29:29.747580+0000,2025-09-07T20:05:17.360834+0000
2025-09-08T06:31:52.024598+0000,2025-09-08T20:02:14.459875+0000
2025-09-09T06:34:14.187606+0000,2025-09-09T19:59:11.343378+0000
2025-09-10T06:36:36.250064+0000,2025-09-10T19:56:08.034174+0000
2025-09-11T06:38:58.226143+0000,2025-09-11T19:53:04.554783+0000
2025-09-12T06:41:20.130670+0000,2025-09-12T19:50:00.927449+0000
2025-09-13T06:43:41.979075+0000,2025-09-13T19:46:57.174178+0000
2025-09-14T06:46:03.787341+0000,2025-09-14T19:43:53.316775+0000
2025-09-15T06:48:25.571947+0000,2025-09-15T19:40:49.376881+0000
2025-09-16T06:50:47.349822+0000,2025-09-16T19:37:45.376011+0000
2025-09-17T06:53:09.138294+0000,2025-09-17T19:34:41.335587+0000
2025-09-18T06:55:30.955037+0000,2025-09-18T19:31:37.276976+0000
2025-09-19T06:57:52.818025+0000,2025-09-19T19:28:33.221525+0000
2025-09-20T07:00:14.745479+0000,2025-09-20T19:25:29.190594+0000
2025-09-21T07:02:36.755822+0000,2025-09-21T19:22:25.205593+0000
2025-09-22T07:04:58.867622+0000,2025-09-22T19:19:21.288016+0000
2025-09-23T07:07:21.099551+0000,2025-09-23T19:16:17.459475+0000
2025-09-24T07:09:43.470325+0000,2025-09-24T19:13:13.741734+0000
2025-09-25T07:12:05.998659+0000,2025-09-25T19:10:10.156742+0000
2025-09-26T07:14:28.703212+0000,2025-09-26T19:07:06.726669+0000
2025-09-27T07:16:51.602533+0000,2025-09-27T19:04:03.473939+0000
2025-09-28T07:19:14.715008+0000,2025-09-28T19:01:00.421260+0000
2025-09-29T07:21:38.058805+0000,2025-09-29T18:57:57.591663+0000
2025-09-30T07:24:01.651813+0000,2025-09-30T18:54:55.008532+0000
2025-10-01T07:26:25.511587+0000,2025-10-01T18:51:52.695639+0000
2025-10-02T07:28:49.655286+0000,2025-10-02T18:48:50.677178+0000
2025-10-03T07:31:14.099611+0000,2025-10-03T18:45:48.977796+0000
2025-10-04T07:33:38.860738+0000,2025-10-04T18:42:47.622634+0000
2025-10-05T07:36:03.954255+0000,2025-10-05T18:39:46.637352+0000
2025-10-06T07:38:29.395093+0000,2025-10-06T18:36:46.048171+0000
2025-10-07T07:40:55.197452+0000,2025-10-07T18:33:45.881906+0000
2025-10-08T07:43:21.374728+0000,2025-10-08T18:30:46.166002+0000
2025-10-09T07:45:47.939441+0000,2025-10-09T18:27:46.928569+0000
2025-10-10T07:48:14.903150+0000,2025-10-10T18:24:48.198420+0000
2025-10-11T07:50:42.276377+0000,2025-10-11T18:21:50.005109+0000
2025-10-12T07:53:10.068518+0000,2025-10-12T18:18:52.378970+0000
2025-10-13T07:55:38.287759+0000,2025-10-13T18:15:55.351154+0000
2025-10-14T07:58:06.940984+0000,2025-10-14T18:12:58.953674+0000
2025-10-15T08:00:36.033683+0000,2025-10-15T18:10:03.219443+0000
2025-10-16T08:03:05.569855+0000,2025-10-16T18:07:08.182318+0000
2025-10-17T08:05:35.551909+0000,2025-10-17T18:04:13.877146+0000
2025-10-18T08:08:05.980561+0000,2025-10-18T18:01:20.339810+0000
2025-10-19T08:10:36.854730+0000,2025-10-19T17:58:27.607273+0000
2025-10-20T08:13:08.171426+0000,2025-10-20T17:55:35.717630+0000
2025-10-21T08:15:39.925645+0000,2025-10-21T17:52:44.710161+0000
2025-10-22T08:18:12.110248+0000,2025-10-22T17:49:54.625379+0000
2025-10-23T08:20:44.715846+0000,2025-10-23T17:47:05.505088+0000
2025-10-24T08:23:17.730681+0000,2025-10-24T17:44:17.392439+0000
2025-10-25T08:25:51.140502+0000,2025-10-25T17:41:30.331988+0000
2025-10-26T07:28:24.928439+0000,2025-10-26T16:38:44.369759+0000
2025-10-27T07:30:59.074879+0000,2025-10-27T16:35:59.553303+0000
2025-10-28T07:33:33.557330+0000,2025-10-28T16:33:15.931767+0000
2025-10-29T07:36:08.350294+0000,2025-10-29T16:30:33.555959+0000
2025-10-30T07:38:43.425134+0000,2025-10-30T16:27:52.478417+0000
2025-10-31T07:41:18.749936+0000,2025-10-31T16:25:12.753477+0000
2025-11-01T07:43:54.289378+0000,2025-11-01T16:22:34.437352+0000
2025-11-02T07:46:30.004590+0000,2025-11-02T16:19:57.588198+0000
2025-11-03T07:49:05.853020+0000,2025-11-03T16:17:22.266192+0000
2025-11-04T07:51:41.788302+0000,2025-11-04T16:14:48.533610+0000
2025-11-05T07:54:17.760118+0000,2025-11-05T16:12:16.454896+0000
2025-11-06T07:56:53.714068+0000,2025-11-06T16:09:46.096745+0000
2025-11-07T07:59:29.591541+0000,2025-11-07T16:07:17.528173+0000
2025-11-08T08:02:05.329594+0000,2025-11-08T16:04:50.820591+0000
2025-11-09T08:04:40.860824+0000,2025-11-09T16:02:26.047878+0000
2025-11-10T08:07:16.113260+0000,2025-11-10T16:00:03.286447+0000
2025-11-11T08:09:51.010254+0000,2025-11-11T15:57:42.615309+0000
2025-11-12T08:12:25.470383+0000,2025-11-12T15:55:24.116132+0000
2025-11-13T08:14:59.407361+0000,2025-11-13T15:53:07.873291+0000
2025-11-14T08:17:32.729959+0000,2025-11-14T15:50:53.973916+0000
2025-11-15T08:20:05.341946+0000,2025-11-15T15:48:42.507920+0000
2025-11-16T08:22:37.142041+0000,2025-11-16T15:46:33.568022+0000
2025-11-17T08:25:08.023880+0000,2025-11-17T15:44:27.249760+0000
2025-11-18T08:27:37.876010+0000,2025-11-18T15:42:23.651478+0000
2025-11-19T08:30:06.581896+0000,2025-11-19T15:40:22.874308+0000
2025-11-20T08:32:34.019964+0000,2025-11-20T15:38:25.022116+0000
2025-11-21T08:35:00.063661+0000,2025-11-21T15:36:30.201443+0000
2025-11-22T08:37:24.581551+0000,2025-11-22T15:34:38.521406+0000
2025-11-23T08:39:47.437442+0000,2025-11-23T15:32:50.093576+0000
2025-11-24T08:42:08.490552+0000,2025-11-24T15:31:05.031831+0000
2025-11-25T08:44:27.595707+0000,2025-11-25T15:29:23.452163+0000
2025-11-26T08:46:44.603591+0000,2025-11-26T15:27:45.472460+0000
2025-11-27T08:48:59.361024+0000,2025-11-27T15:26:11.212244+0000
2025-11-28T08:51:11.711306+0000,2025-11-28T15:24:40.792366+0000
2025-11-29T08:53:21.494592+0000,2025-11-29T15:23:14.334663+0000
2025-11-30T08:55:28.548329+0000,2025-11-30T15:21:51.961564+0000
2025-12-01T08:57:32.707738+0000,2025-12-01T15:20:33.795654+0000
2025-12-02T08:59:33.806347+0000,2025-12-02T15:19:19.959191+0000
2025-12-03T09:01:31.676583+0000,2025-12-03T15:18:10.573576+0000
2025-12-04T09:03:26.150403+0000,2025-12-04T15:17:05.758772+0000
2025-12-05T09:05:17.059985+0000,2025-12-05T15:16:05.632693+0000
2025-12-06T09:07:04.238454+0000,2025-12-06T15:15:10.310535+0000
2025-12-07T09:08:47.520657+0000,2025-12-07T15:14:19.904087+0000
2025-12-08T09:10:26.743968+0000,2025-12-08T15:13:34.520998+0000
2025-12-09T09:12:01.749123+0000,2025-12-09T15:12:54.264029+0000
2025-12-10T09:13:32.381076+0000,2025-12-10T15:12:19.230282+0000
2025-12-11T09:14:58.489869+0000,2025-12-11T15:11:49.510421+0000
2025-12-12T09:16:19.931500+0000,2025-12-12T15:11:25.187904+0000
2025-12-13T09:17:36.568781+0000,2025-12-13T15:11:06.338214+0000
2025-12-14T09:18:48.272182+0000,2025-12-14T15:10:53.028124+0000
2025-12-15T09:19:54.920629+0000,2025-12-15T15:10:45.314996+0000
2025-12-16T09:20:56.402272+0000,2025-12-16T15:10:43.246126+0000
2025-12-17T09:21:52.615178+0000,2025-12-17T15:10:46.858150+0000
2025-12-18T09:22:43.467970+0000,2025-12-18T15:10:56.176526+0000
2025-12-19T09:23:28.880378+0000,2025-12-19T15:11:11.215088+0000
2025-12-20T09:24:08.783698+0000,2025-12-20T15:11:31.975700+0000
2025-12-21T09:24:43.121159+0000,2025-12-21T15:11:58.448004+0000
2025-12-22T09:25:11.848184+0000,2025-12-22T15:12:30.609278+0000
2025-12-23T09:25:34.932540+0000,2025-12-23T15:13:08.424392+0000
2025-12-24T09:25:52.354384+0000,2025-12-24T15:13:51.845886+0000
2025-12-25T09:26:04.106189+0000,2025-12-25T15:14:40.814153+0000
2025-12-26T09:26:10.192575+0000,2025-12-26T15:15:35.257724+0000
2025-12-27T09:26:10.630025+0000,2025-12-27T15:16:35.093667+0000
2025-12-28T09:26:05.446511+0000,2025-12-28T15:17:40.228068+0000
2025-12-29T09:25:54.681031+0000,2025-12-29T15:18:50.556609+0000
2025-12-30T09:25:38.383068+0000,2025-12-30T15:20:05.965220+0000
2025-12-31T09:25:16.611974+0000,2025-12-31T15:21:26.330793+0000
