sunrise,sunset
2024-01-01T09:25:04.681648+0000,2024-01-01T15:22:07.048602+0000
2024-01-02T09:24:34.925464+0000,2024-01-02T15:23:34.519171+0000
2024-01-03T09:23:59.881440+0000,2024-01-03T15:25:06.607067+0000
2024-01-04T09:23:19.637856+0000,2024-01-04T15:26:43.163972+0000
2024-01-05T09:22:34.289600+0000,2024-01-05T15:28:24.036241+0000
2024-01-06T09:21:43.937398+0000,2024-01-06T15:30:09.065768+0000
2024-01-07T09:20:48.687042+0000,2024-01-07T15:31:58.090843+0000
2024-01-08T09:19:48.648634+0000,2024-01-08T15:33:50.946994+0000
2024-01-09T09:18:43.935858+0000,2024-01-09T15:35:47.467793+0000
2024-01-10T09:17:34.665275+0000,2024-01-10T15:37:47.485641+0000
2024-01-11T09:16:20.955655+0000,2024-01-11T15:39:50.832501+0000
2024-01-12T09:15:02.927352+0000,2024-01-12T15:41:57.340596+0000
2024-01-13T09:13:40.701716+0000,2024-01-13T15:44:06.843059+0000
2024-01-14T09:12:14.400556+0000,2024-01-14T15:46:19.174525+0000
2024-01-15T09:10:44.145646+0000,2024-01-15T15:48:34.171684+0000
2024-01-16T09:09:10.058274+0000,2024-01-16T15:50:51.673772+0000
2024-01-17T09:07:32.258845+0000,2024-01-17T15:53:11.523020+0000
2024-01-18T09:05:50.866524+0000,2024-01-18T15:55:33.565046+0000
2024-01-19T09:04:05.998923+0000,2024-01-19T15:57:57.649203+0000
2024-01-20T09:02:17.771829+0000,2024-01-20T16:00:23.628876+0000
2024-01-21T09:00:26.298977+0000,2024-01-21T16:02:51.361742+0000
2024-01-22T08:58:31.691848+0000,2024-01-22T16:05:20.709979+0000
2024-01-23T08:56:34.059515+0000,2024-01-23T16:07:51.540442+0000
2024-01-24T08:54:33.508511+0000,2024-01-24T16:10:23.724802+0000
2024-01-25T08:52:30.142729+0000,2024-01-25T16:12:57.139650+0000
2024-01-26T08:50:24.063348+0000,2024-01-26T16:15:31.666571+0000
2024-01-27T08:48:15.368782+0000,2024-01-27T16:18:07.192191+0000
2024-01-28T08:46:04.154651+0000,2024-01-28T16:20:43.608196+0000
2024-01-29T08:43:50.513765+0000,2024-01-29T16:23:20.811329+0000
2024-01-30T08:41:34.536135+0000,2024-01-30T16:25:58.703371+0000
2024-01-31T08:39:16.308988+0000,2024-01-31T16:28:37.191097+0000
2024-02-01T08:36:55.916796+0000,2024-02-01T16:31:16.186219+0000
2024-02-02T08:34:33.441320+0000,2024-02-02T16:33:55.605320+0000
2024-02-03T08:32:08.961660+0000,2024-02-03T16:36:35.369764+0000
2024-02-04T08:29:42.554307+0000,2024-02-04T16:39:15.405608+0000
2024-02-05T08:27:14.293211+0000,2024-02-05T16:41:55.643498+0000
2024-02-06T08:24:44.249845+0000,2024-02-06T16:44:36.018556+0000
2024-02-07T08:22:12.493276+0000,2024-02-07T16:47:16.470270+0000
2024-02-08T08:19:39.090237+0000,2024-02-08T16:49:56.942365+0000
2024-02-09T08:17:04.105206+0000,2024-02-09T16:52:37.382682+0000
2024-02-10T08:14:27.600475+0000,2024-02-10T16:55:17.743051+0000
2024-02-11T08:11:49.636234+0000,2024-02-11T16:57:57.979153+0000
2024-02-12T08:09:10.270642+0000,2024-02-12T17:00:38.050393+0000
2024-02-13T08:06:29.559904+0000,2024-02-13T17:03:17.919764+0000
2024-02-14T08:03:47.558346+0000,2024-02-14T17:05:57.553714+0000
2024-02-15T08:01:04.318488+0000,2024-02-15T17:08:36.922009+0000
2024-02-16T07:58:19.891118+0000,2024-02-16T17:11:15.997605+0000
2024-02-17T07:55:34.325359+0000,2024-02-17T17:13:54.756510+0000
2024-02-18T07:52:47.668740+0000,2024-02-18T17:16:33.177657+0000
2024-02-19T07:49:59.967262+0000,2024-02-19T17:19:11.242771+0000
2024-02-20T07:47:11.265464+0000,2024-02-20T17:21:48.936246+0000
2024-02-21T07:44:21.606480+0000,2024-02-21T17:24:26.245016+0000
2024-02-22T07:41:31.032109+0000,2024-02-22T17:27:03.158433+0000
2024-02-23T07:38:39.582866+0000,2024-02-23T17:29:39.668148+0000
2024-02-24T07:35:47.298039+0000,2024-02-24T17:32:15.767991+0000
2024-02-25T07:32:54.215749+0000,2024-02-25T17:34:51.453856+0000
2024-02-26T07:30:00.372998+0000,2024-02-26T17:37:26.723590+0000
2024-02-27T07:27:05.805722+0000,2024-02-27T17:40:01.576882+0000
2024-02-28T07:24:10.548838+0000,2024-02-28T17:42:36.015158+0000
2024-02-29T07:21:14.636296+0000,2024-02-29T17:45:10.041474+0000
2024-03-01T07:18:18.101120+0000,2024-03-01T17:47:43.660417+0000
2024-03-02T07:15:20.975458+0000,2024-03-02T17:50:16.878007+0000
2024-03-03T07:12:23.290619+0000,2024-03-03T17:52:49.701603+0000
2024-03-04T07:09:25.077121+0000,2024-03-04T17:55:22.139806+0000
2024-03-05T07:06:26.364730+0000,2024-03-05T17:57:54.202375+0000
2024-03-06T07:03:27.182499+0000,2024-03-06T18:00:25.900135+0000
2024-03-07T07:00:27.558805+0000,2024-03-07T18:02:57.244899+0000
2024-03-08T06:57:27.521394+0000,2024-03-08T18:05:28.249377+0000
2024-03-09T06:54:27.097410+0000,2024-03-09T18:07:58.927106+0000
2024-03-10T06:51:26.313440+0000,2024-03-10T18:10:29.292368+0000
2024-03-11T06:48:25.195541+0000,2024-03-11T18:12:59.360115+0000
2024-03-12T06:45:23.769283+0000,2024-03-12T18:15:29.145901+0000
2024-03-13T06:42:22.059783+0000,2024-03-13T18:17:58.665806+0000
2024-03-14T06:39:20.091735+0000,2024-03-14T18:20:27.936371+0000
2024-03-15T06:36:17.889450+0000,2024-03-15T18:22:56.974532+0000
2024-03-16T06:33:15.476889+0000,2024-03-16T18:25:25.797552+0000
2024-03-17T06:30:12.877694+0000,2024-03-17T18:27:54.422959+0000
2024-03-18T06:27:10.115225+0000,2024-03-18T18:30:22.868487+0000
2024-03-19T06:24:07.212594+0000,2024-03-19T18:32:51.152009+0000
2024-03-20T06:21:04.192697+0000,2024-03-20T18:35:19.291485+0000
2024-03-21T06:18:01.078250+0000,2024-03-21T18:37:47.304897+0000
2024-03-22T06:14:57.891822+0000,2024-03-22T18:40:15.210195+0000
2024-03-23T06:11:54.655869+0000,2024-03-23T18:42:43.025238+0000
2024-03-24T06:08:51.392768+0000,2024-03-24T18:45:10.767741+0000
2024-03-25T06:05:48.124854+0000,2024-03-25T18:47:38.455214+0000
2024-03-26T06:02:44.874449+0000,2024-03-26T18:50:06.104909+0000
2024-03-27T05:59:41.663906+0000,2024-03-27T18:52:33.733766+0000
2024-03-28T05:56:38.515636+0000,2024-03-28T18:55:01.358353+0000
2024-03-29T05:53:35.452147+0000,2024-03-29T18:57:28.994814+0000
2024-03-30T05:50:32.496083+0000,2024-03-30T18:59:56.658809+0000
2024-03-31T06:47:29.670255+0000,2024-03-31T20:02:24.365462+0000
2024-04-01T06:44:26.997680+0000,2024-04-01T20:04:52.129298+0000
2024-04-02T06:41:24.501623+0000,2024-04-02T20:07:19.964190+0000
2024-04-03T06:38:22.205629+0000,2024-04-03T20:09:47.883294+0000
2024-04-04T06:35:20.133564+0000,2024-04-04T20:12:15.898995+0000
2024-04-05T06:32:18.309656+0000,2024-04-05T20:14:44.022840+0000
2024-04-06T06:29:16.758532+0000,2024-04-06T20:17:12.265479+0000
2024-04-07T06:26:15.505261+0000,2024-04-07T20:19:40.636598+0000
2024-04-08T06:23:14.575396+0000,2024-04-08T20:22:09.144856+0000
2024-04-09T06:20:13.995015+0000,2024-04-09T20:24:37.797813+0000
2024-04-10T06:17:13.790765+0000,2024-04-10T20:27:06.601864+0000
2024-04-11T06:14:13.989909+0000,2024-04-11T20:29:35.562169+0000
2024-04-12T06:11:14.620365+0000,2024-04-12T20:32:04.682572+0000
2024-04-13T06:08:15.710763+0000,2024-04-13T20:34:33.965535+0000
2024-04-14T06:05:17.290482+0000,2024-04-14T20:37:03.412052+0000
2024-04-15T06:02:19.389707+0000,2024-04-15T20:39:33.021576+0000
2024-04-16T05:59:22.039479+0000,2024-04-16T20:42:02.791929+0000
2024-04-17T05:56:25.271742+0000,2024-04-17T20:44:32.719222+0000
2024-04-18T05:53:29.119402+0000,2024-04-18T20:47:02.797767+0000
2024-04-19T05:50:33.616382+0000,2024-04-19T20:49:33.019986+0000
2024-04-20T05:47:38.797677+0000,2024-04-20T20:52:03.376317+0000
2024-04-21T05:44:44.699414+0000,2024-04-21T20:54:33.855123+0000
2024-04-22T05:41:51.358913+0000,2024-04-22T20:57:04.442589+0000
2024-04-23T05:38:58.814748+0000,2024-04-23T20:59:35.122627+0000
2024-04-24T05:36:07.106816+0000,2024-04-24T21:02:05.876769+0000
2024-04-25T05:33:16.276399+0000,2024-04-25T21:04:36.684064+0000
2024-04-26T05:30:26.366236+0000,2024-04-26T21:07:07.520971+0000
2024-04-27T05:27:37.420592+0000,2024-04-27T21:09:38.361248+0000
2024-04-28T05:24:49.485332+0000,2024-04-28T21:12:09.175841+0000
2024-04-29T05:22:02.607997+0000,2024-04-29T21:14:39.932771+0000
2024-04-30T05:19:16.837877+0000,2024-04-30T21:17:10.597018+0000
2024-05-01T05:16:32.226096+0000,2024-05-01T21:19:41.130405+0000
2024-05-02T05:13:48.825685+0000,2024-05-02T21:22:11.491479+0000
2024-05-03T05:11:06.691671+0000,2024-05-03T21:24:41.635396+0000
2024-05-04T05:08:25.881156+0000,2024-05-04T21:27:11.513799+0000
2024-05-05T05:05:46.453404+0000,2024-05-05T21:29:41.074706+0000
2024-05-06T05:03:08.469923+0000,2024-05-06T21:32:10.262383+0000
2024-05-07T05:00:31.994553+0000,2024-05-07T21:34:39.017241+0000
2024-05-08T04:57:57.093550+0000,2024-05-08T21:37:07.275712+0000
2024-05-09T04:55:23.835667+0000,2024-05-09T21:39:34.970147+0000
2024-05-10T04:52:52.292240+0000,2024-05-10T21:42:02.028708+0000
2024-05-11T04:50:22.537267+0000,2024-05-11T21:44:28.375268+0000
2024-05-12T04:47:54.647480+0000,2024-05-12T21:46:53.929317+0000
2024-05-13T04:45:28.702421+0000,2024-05-13T21:49:18.605883+0000
2024-05-14T04:43:04.784502+0000,2024-05-14T21:51:42.315450+0000
2024-05-15T04:40:42.979069+0000,2024-05-15T21:54:04.963898+0000
2024-05-16T04:38:23.374442+0000,2024-05-16T21:56:26.452455+0000
2024-05-17T04:36:06.061962+0000,2024-05-17T21:58:46.677662+0000
2024-05-18T04:33:51.136008+0000,2024-05-18T22:01:05.531353+0000
2024-05-19T04:31:38.694008+0000,2024-05-19T22:03:22.900668+0000
2024-05-20T04:29:28.836435+0000,2024-05-20T22:05:38.668073+0000
2024-05-21T04:27:21.666773+0000,2024-05-21T22:07:52.711416+0000
2024-05-22T04:25:17.291469+0000,2024-05-22T22:10:04.904015+0000
2024-05-23T04:23:15.819855+0000,2024-05-23T22:12:15.114766+0000
2024-05-24T04:21:17.364041+0000,2024-05-24T22:14:23.208299+0000
2024-05-25T04:19:22.038780+0000,2024-05-25T22:16:29.045163+0000
2024-05-27T04:15:41.251045+0000,2024-05-27T22:20:33.372131+0000
2024-05-28T04:13:56.029523+0000,2024-05-28T22:22:31.565252+0000
2024-05-29T04:12:14.419904+0000,2024-05-29T22:24:26.908442+0000
2024-05-30T04:10:36.546730+0000,2024-05-30T22:26:19.246272+0000
2024-05-31T04:09:02.535503+0000,2024-05-31T22:28:08.421352+0000
2024-06-01T04:07:32.512250+0000,2024-06-01T22:29:54.274868+0000
2024-06-03T04:04:44.933320+0000,2024-06-03T22:33:15.378466+0000
2024-06-04T04:03:27.627549+0000,2024-06-04T22:34:50.309425+0000
2024-06-05T04:02:14.808310+0000,2024-06-05T22:36:21.282033+0000
2024-06-06T04:01:06.595731+0000,2024-06-06T22:37:48.140334+0000
2024-06-07T04:00:03.106718+0000,2024-06-07T22:39:10.731283+0000
2024-06-08T03:59:04.454182+0000,2024-06-08T22:40:28.905611+0000
2024-06-09T03:58:10.746228+0000,2024-06-09T22:41:42.518720+0000
2024-06-10T03:57:22.085332+0000,2024-06-10T22:42:51.431585+0000
2024-06-11T03:56:38.567503+0000,2024-06-11T22:43:55.511665+0000
2024-06-12T03:56:00.281445+0000,2024-06-12T22:44:54.633790+0000
2024-06-13T03:55:27.307740+0000,2024-06-13T22:45:48.681037+0000
2024-06-14T03:54:59.718048+0000,2024-06-14T22:46:37.545557+0000
2024-06-15T03:54:37.574359+0000,2024-06-15T22:47:21.129350+0000
2024-06-16T03:54:20.928291+0000,2024-06-16T22:47:59.344975+0000
2024-06-17T03:54:09.820465+0000,2024-06-17T22:48:32.116177+0000
2024-06-18T03:54:04.279955+0000,2024-06-18T22:48:59.378420+0000
2024-06-19T03:54:04.323837+0000,2024-06-19T22:49:21.079318+0000
2024-06-20T03:54:09.956843+0000,2024-06-20T22:49:37.178955+0000
2024-06-21T03:54:21.171122+0000,2024-06-21T22:49:47.650082+0000
2024-06-22T03:54:37.946127+0000,2024-06-22T22:49:52.478196+0000
2024-06-23T03:55:00.248619+0000,2024-06-23T22:49:51.661494+0000
2024-06-24T03:55:28.032793+0000,2024-06-24T22:49:45.210707+0000
2024-06-25T03:56:01.240533+0000,2024-06-25T22:49:33.148815+0000
2024-06-26T03:56:39.801772+0000,2024-06-26T22:49:15.510658+0000
2024-06-27T03:57:23.634970+0000,2024-06-27T22:48:52.342434+0000
2024-06-28T03:58:12.647686+0000,2024-06-28T22:48:23.701123+0000
2024-06-29T03:59:06.737243+0000,2024-06-29T22:47:49.653819+0000
2024-06-30T04:00:05.791464+0000,2024-06-30T22:47:10.277010+0000
2024-07-01T04:01:09.689474+0000,2024-07-01T22:46:25.655799+0000
2024-07-02T04:02:18.302550+0000,2024-07-02T22:45:35.883097+0000
2024-07-03T04:03:31.495002+0000,2024-07-03T22:44:41.058786+0000
2024-07-04T04:04:49.125075+0000,2024-07-04T22:43:41.288880+0000
2024-07-05T04:06:11.045859+0000,2024-07-05T22:42:36.684686+0000
2024-07-06T04:07:37.106193+0000,2024-07-06T22:41:27.361983+0000
2024-07-07T04:09:07.151546+0000,2024-07-07T22:40:13.440219+0000
2024-07-08T04:10:41.024880+0000,2024-07-08T22:38:55.041747+0000
2024-07-09T04:12:18.567469+0000,2024-07-09T22:37:32.291099+0000
2024-07-10T04:13:59.619685+0000,2024-07-10T22:36:05.314297+0000
2024-07-11T04:15:44.021725+0000,2024-07-11T22:34:34.238228+0000
2024-07-12T04:17:31.614297+0000,2024-07-12T22:32:59.190054+0000
2024-07-13T04:19:22.239242+0000,2024-07-13T22:31:20.296682+0000
2024-07-14T04:21:15.740112+0000,2024-07-14T22:29:37.684290+0000
2024-07-15T04:23:11.962677+0000,2024-07-15T22:27:51.477897+0000
2024-07-16T04:25:10.755392+0000,2024-07-16T22:26:01.800989+0000
2024-07-17T04:27:11.969796+0000,2024-07-17T22:24:08.775194+0000
2024-07-18T04:29:15.460867+0000,2024-07-18T22:22:12.520000+0000
2024-07-19T04:31:21.087325+0000,2024-07-19T22:20:13.152521+0000
2024-07-20T04:33:28.711889+0000,2024-07-20T22:18:10.787299+0000
2024-07-21T04:35:38.201485+0000,2024-07-21T22:16:05.536146+0000
2024-07-22T04:37:49.427418+0000,2024-07-22T22:13:57.508022+0000
2024-07-23T04:40:02.265507+0000,2024-07-23T22:11:46.808936+0000
2024-07-24T04:42:16.596182+0000,2024-07-24T22:09:33.541886+0000
2024-07-25T04:44:32.304552+0000,2024-07-25T22:07:17.806817+0000
2024-07-26T04:46:49.280445+0000,2024-07-26T22:04:59.700597+0000
2024-07-27T04:49:07.418422+0000,2024-07-27T22:02:39.317023+0000
2024-07-28T04:51:26.617771+0000,2024-07-28T22:00:16.746834+0000
2024-07-29T04:53:46.782477+0000,2024-07-29T21:57:52.077743+0000
2024-07-30T04:56:07.821181+0000,2024-07-30T21:55:25.394477+0000
2024-07-31T04:58:29.647120+0000,2024-07-31T21:52:56.778835+0000
2024-08-01T05:00:52.178056+0000,2024-08-01T21:50:26.309744+0000
2024-08-02T05:03:15.336192+0000,2024-08-02T21:47:54.063331+0000
2024-08-03T05:05:39.048081+0000,2024-08-03T21:45:20.112993+0000
2024-08-04T05:08:03.244527+0000,2024-08-04T21:42:44.529478+0000
2024-08-05T05:10:27.860482+0000,2024-08-05T21:40:07.380963+0000
2024-08-06T05:12:52.834931+0000,2024-08-06T21:37:28.733138+0000
2024-08-07T05:15:18.110783+0000,2024-08-07T21:34:48.649289+0000
2024-08-08T05:17:43.634750+0000,2024-08-08T21:32:07.190387+0000
2024-08-09T05:20:09.357233+0000,2024-08-09T21:29:24.415165+0000
2024-08-10T05:22:35.232195+0000,2024-08-10T21:26:40.380212+0000
2024-08-11T05:25:01.217049+0000,2024-08-11T21:23:55.140047+0000
2024-08-12T05:27:27.272529+0000,2024-08-12T21:21:08.747209+0000
2024-08-13T05:29:53.362577+0000,2024-08-13T21:18:21.252334+0000
2024-08-14T05:32:19.454219+0000,2024-08-14T21:15:32.704234+0000
2024-08-15T05:34:45.517451+0000,2024-08-15T21:12:43.149977+0000
2024-08-16T05:37:11.525120+0000,2024-08-16T21:09:52.634960+0000
2024-08-17T05:39:37.452811+0000,2024-08-17T21:07:01.202983+0000
2024-08-18T05:42:03.278737+0000,2024-08-18T21:04:08.896321+0000
2024-08-19T05:44:28.983625+0000,2024-08-19T21:01:15.755793+0000
2024-08-20T05:46:54.550611+0000,2024-08-20T20:58:21.820828+0000
2024-08-21T05:49:19.965138+0000,2024-08-21T20:55:27.129534+0000
2024-08-22T05:51:45.214848+0000,2024-08-22T20:52:31.718754+0000
2024-08-23T05:54:10.289489+0000,2024-08-23T20:49:35.624134+0000
2024-08-24T05:56:35.180813+0000,2024-08-24T20:46:38.880181+0000
2024-08-25T05:58:59.882485+0000,2024-08-25T20:43:41.520316+0000
2024-08-26T06:01:24.389993+0000,2024-08-26T20:40:43.576935+0000
2024-08-27T06:03:48.700556+0000,2024-08-27T20:37:45.081462+0000
2024-08-28T06:06:12.813043+0000,2024-08-28T20:34:46.064398+0000
2024-08-29T06:08:36.727887+0000,2024-08-29T20:31:46.555377+0000
2024-08-30T06:11:00.447005+0000,2024-08-30T20:28:46.583212+0000
2024-08-31T06:13:23.973722+0000,2024-08-31T20:25:46.175944+0000
2024-09-01T06:15:47.312695+0000,2024-09-01T20:22:45.360893+0000
2024-09-02T06:18:10.469840+0000,2024-09-02T20:19:44.164697+0000
2024-09-03T06:20:33.452263+0000,2024-09-03T20:16:42.613362+0000
2024-09-04T06:22:56.268190+0000,2024-09-04T20:13:40.732306+0000
2024-09-05T06:25:18.926904+0000,2024-09-05T20:10:38.546399+0000
2024-09-06T06:27:41.438676+0000,2024-09-06T20:07:36.080007+0000
2024-09-07T06:30:03.814711+0000,2024-09-07T20:04:33.357033+0000
2024-09-08T06:32:26.067078+0000,2024-09-08T20:01:30.400958+0000
2024-09-09T06:34:48.208659+0000,2024-09-09T19:58:27.234879+0000
2024-09-10T06:37:10.253092+0000,2024-09-10T19:55:23.881552+0000
2024-09-11T06:39:32.214709+0000,2024-09-11T19:52:20.363427+0000
2024-09-12T06:41:54.108489+0000,2024-09-12T19:49:16.702687+0000
2024-09-13T06:44:15.949999+0000,2024-09-13T19:46:12.921288+0000
2024-09-14T06:46:37.755345+0000,2024-09-14T19:43:09.040992+0000
2024-09-15T06:48:59.541122+0000,2024-09-15T19:40:05.083408+0000
2024-09-16T06:51:21.324359+0000,2024-09-16T19:37:01.070026+0000
2024-09-17T06:53:43.122471+0000,2024-09-17T19:33:57.022250+0000
2024-09-18T06:56:04.953210+0000,2024-09-18T19:30:52.961441+0000
2024-09-19T06:58:26.834615+0000,2024-09-19T19:27:48.908946+0000
2024-09-20T07:00:48.784960+0000,2024-09-20T19:24:44.886135+0000
2024-09-21T07:03:10.822707+0000,2024-09-21T19:21:40.914436+0000
2024-09-22T07:05:32.966457+0000,2024-09-22T19:18:37.015367+0000
2024-09-23T07:07:55.234896+0000,2024-09-23T19:15:33.210575+0000
2024-09-24T07:10:17.646745+0000,2024-09-24T19:12:29.521866+0000
2024-09-25T07:12:40.220711+0000,2024-09-25T19:09:25.971239+0000
2024-09-26T07:15:02.975433+0000,2024-09-26T19:06:22.580922+0000
2024-09-27T07:17:25.929425+0000,2024-09-27T19:03:19.373405+0000
2024-09-28T07:19:49.101028+0000,2024-09-28T19:00:16.371472+0000
2024-09-29T07:22:12.508348+0000,2024-09-29T18:57:13.598235+0000
2024-09-30T07:24:36.169199+0000,2024-09-30T18:54:11.077169+0000
2024-10-01T07:27:00.101048+0000,2024-10-01T18:51:08.832144+0000
2024-10-02T07:29:24.320949+0000,2024-10-02T18:48:06.887462+0000
2024-10-03T07:31:48.845483+0000,2024-10-03T18:45:05.267884+0000
2024-10-04T07:34:13.690693+0000,2024-10-04T18:42:03.998673+0000
2024-10-05T07:36:38.872014+0000,2024-10-05T18:39:03.105623+0000
2024-10-06T07:39:04.404208+0000,2024-10-06T18:36:02.615093+0000
2024-10-07T07:41:30.301290+0000,2024-10-07T18:33:02.554047+0000
2024-10-08T07:43:56.576451+0000,2024-10-08T18:30:02.950086+0000
2024-10-09T07:46:23.241989+0000,2024-10-09T18:27:03.831486+0000
2024-10-10T07:48:50.309219+0000,2024-10-10T18:24:05.227236+0000
2024-10-11T07:51:17.788401+0000,2024-10-11T18:21:07.167073+0000
2024-10-12T07:53:45.688648+0000,2024-10-12T18:18:09.681524+0000
2024-10-13T07:56:14.017840+0000,2024-10-13T18:15:12.801945+0000
2024-10-14T07:58:42.782536+0000,2024-10-14T18:12:16.560560+0000
2024-10-15T08:01:11.987873+0000,2024-10-15T18:09:20.990505+0000
2024-10-16T08:03:41.637478+0000,2024-10-16T18:06:26.125873+0000
2024-10-17T08:06:11.733360+0000,2024-10-17T18:03:32.001754+0000
2024-10-18T08:08:42.275813+0000,2024-10-18T18:00:38.654286+0000
2024-10-19T08:11:13.263304+0000,2024-10-19T17:57:46.120701+0000
2024-10-20T08:13:44.692370+0000,2024-10-20T17:54:54.439374+0000
2024-10-21T08:16:16.557500+0000,2024-10-21T17:52:03.649876+0000
2024-10-22T08:18:48.851025+0000,2024-10-22T17:49:13.793026+0000
2024-10-23T08:21:21.562994+0000,2024-10-23T17:46:24.910946+0000
2024-10-24T08:23:54.681059+0000,2024-10-24T17:43:37.047119+0000
2024-10-25T08:26:28.190349+0000,2024-10-25T17:40:50.246451+0000
2024-10-26T08:29:02.073343+0000,2024-10-26T17:38:04.555324+0000
2024-10-27T07:31:36.309745+0000,2024-10-27T16:35:20.021670+0000
2024-10-28T07:34:10.876349+0000,2024-10-28T16:32:36.695027+0000
2024-10-29T07:36:45.746912+0000,2024-10-29T16:29:54.626614+0000
2024-10-30T07:39:20.892016+0000,2024-10-30T16:27:13.869395+0000
2024-10-31T07:41:56.278937+0000,2024-10-31T16:24:34.478151+0000
2024-11-01T07:44:31.871508+0000,2024-11-01T16:21:56.509556+0000
2024-11-02T07:47:07.629981+0000,2024-11-02T16:19:20.022245+0000
2024-11-03T07:49:43.510896+0000,2024-11-03T16:16:45.076895+0000
2024-11-04T07:52:19.466942+0000,2024-11-04T16:14:11.736295+0000
2024-11-05T07:54:55.446827+0000,2024-11-05T16:11:40.065426+0000
2024-11-06T07:57:31.395144+0000,2024-11-06T16:09:10.131533+0000
2024-11-07T08:00:07.252247+0000,2024-11-07T16:06:42.004205+0000
2024-11-08T08:02:42.954123+0000,2024-11-08T16:04:15.755440+0000
2024-11-09T08:05:18.432274+0000,2024-11-09T16:01:51.459722+0000
2024-11-10T08:07:53.613609+0000,2024-11-10T15:59:29.194083+0000
2024-11-11T08:10:28.420331+0000,2024-11-11T15:57:09.038172+0000
2024-11-12T08:13:02.769849+0000,2024-11-12T15:54:51.074305+0000
2024-11-13T08:15:36.574686+0000,2024-11-13T15:52:35.387518+0000
2024-11-14T08:18:09.742407+0000,2024-11-14T15:50:22.065609+0000
2024-11-15T08:20:42.175562+0000,2024-11-15T15:48:11.199166+0000
2024-11-16T08:23:13.771641+0000,2024-11-16T15:46:02.881591+0000
2024-11-17T08:25:44.423047+0000,2024-11-17T15:43:57.209100+0000
2024-11-18T08:28:14.017091+0000,2024-11-18T15:41:54.280713+0000
2024-11-19T08:30:42.436015+0000,2024-11-19T15:39:54.198229+0000
2024-11-20T08:33:09.557028+0000,2024-11-20T15:37:57.066168+0000
2024-11-21T08:35:35.252382+0000,2024-11-21T15:36:02.991703+0000
2024-11-22T08:37:59.389475+0000,2024-11-22T15:34:12.084558+0000
2024-11-23T08:40:21.830982+0000,2024-11-23T15:32:24.456879+0000
2024-11-24T08:42:42.435035+0000,2024-11-24T15:30:40.223076+0000
2024-11-25T08:45:01.055427+0000,2024-11-25T15:28:59.499622+0000
2024-11-26T08:47:17.541873+0000,2024-11-26T15:27:22.404830+0000
2024-11-27T08:49:31.740302+0000,2024-11-27T15:25:49.058575+0000
2024-11-28T08:51:43.493210+0000,2024-11-28T15:24:19.581984+0000
2024-11-29T08:53:52.640047+0000,2024-11-29T15:22:54.097078+0000
2024-11-30T08:55:59.017665+0000,2024-11-30T15:21:32.726371+0000
2024-12-01T08:58:02.460816+0000,2024-12-01T15:20:15.592422+0000
2024-12-02T09:00:02.802696+0000,2024-12-02T15:19:02.817338+0000
2024-12-03T09:01:59.875547+0000,2024-12-03T15:17:54.522231+0000
2024-12-04T09:03:53.511305+0000,2024-12-04T15:16:50.826637+0000
2024-12-05T09:05:43.542294+0000,2024-12-05T15:15:51.847881+0000
2024-12-06T09:07:29.801974+0000,2024-12-06T15:14:57.700410+0000
2024-12-07T09:09:12.125713+0000,2024-12-07T15:14:08.495086+0000
2024-12-08T09:10:50.351608+0000,2024-12-08T15:13:24.338457+0000
2024-12-09T09:12:24.321322+0000,2024-12-09T15:12:45.331995+0000
2024-12-10T09:13:53.880948+0000,2024-12-10T15:12:11.571327+0000
2024-12-11T09:15:18.881872+0000,2024-12-11T15:11:43.145455+0000
2024-12-12T09:16:39.181650+0000,2024-12-12T15:11:20.135987+0000
2024-12-13T09:17:54.644856+0000,2024-12-13T15:11:02.616377+0000
2024-12-14T09:19:05.143918+0000,2024-12-14T15:10:50.651195+0000
2024-12-15T09:20:10.559912+0000,2024-12-15T15:10:44.295436+0000
2024-12-16T09:21:10.783310+0000,2024-12-16T15:10:43.593881+0000
2024-12-17T09:22:05.714667+0000,2024-12-17T15:10:48.580517+0000
2024-12-18T09:22:55.265231+0000,2024-12-18T15:10:59.278036+0000
2024-12-19T09:23:39.357478+0000,2024-12-19T15:11:15.697414+0000
2024-12-20T09:24:17.925552+0000,2024-12-20T15:11:37.837587+0000
2024-12-21T09:24:50.915600+0000,2024-12-21T15:12:05.685222+0000
2024-12-22T09:25:18.286012+0000,2024-12-22T15:12:39.214601+0000
2024-12-23T09:25:40.007546+0000,2024-12-23T15:13:18.387607+0000
2024-12-24T09:25:56.063339+0000,2024-12-24T15:14:03.153825+0000
2024-12-25T09:26:06.448819+0000,2024-12-25T15:14:53.450752+0000
2024-12-26T09:26:11.171498+0000,2024-12-26T15:15:49.204109+0000
2024-12-27T09:26:10.250674+0000,2024-12-27T15:16:50.328261+0000
2024-12-28T09:26:03.717030+0000,2024-12-28T15:17:56.726721+0000
2024-12-29T09:25:51.612153+0000,2024-12-29T15:19:08.292749+0000
2024-12-30T09:25:33.987969+0000,2024-12-30T15:20:24.910020+0000
2024-12-31T09:25:10.906125+0000,2024-12-31T15:21:46.453350+0000
